-- phpMyAdmin SQL Dump
-- version 5.2.0
-- https://www.phpmyadmin.net/
--
-- Host: 127.0.0.1
-- Generation Time: Mar 17, 2023 at 10:45 AM
-- Server version: 10.4.27-MariaDB
-- PHP Version: 8.0.25

SET SQL_MODE = "NO_AUTO_VALUE_ON_ZERO";
START TRANSACTION;
SET time_zone = "+00:00";


/*!40101 SET @OLD_CHARACTER_SET_CLIENT=@@CHARACTER_SET_CLIENT */;
/*!40101 SET @OLD_CHARACTER_SET_RESULTS=@@CHARACTER_SET_RESULTS */;
/*!40101 SET @OLD_COLLATION_CONNECTION=@@COLLATION_CONNECTION */;
/*!40101 SET NAMES utf8mb4 */;

--
-- Database: `loreto`
--

-- --------------------------------------------------------

--
-- Table structure for table `item`
--

CREATE TABLE `item` (
  `id` int(11) NOT NULL,
  `name` varchar(256) NOT NULL,
  `price` int(11) NOT NULL
) ENGINE=InnoDB DEFAULT CHARSET=utf8mb4 COLLATE=utf8mb4_general_ci;

--
-- Dumping data for table `item`
--

INSERT INTO `item` (`id`, `name`, `price`) VALUES
(1, 'Notes', 20000),
(2, 'Drinkware', 360000),
(3, 'Custom Mug', 150000),
(4, 'Umbrella', 40000),
(5, 'Custom Bottle', 80000),
(6, 'Custom Tote Bag', 15000),
(7, 'Card', 10000),
(8, 'USB NCHolder', 50000),
(9, 'Seminar Kit', 200000),
(10, 'Custom Watch', 300000),
(11, 'Custom Pouch', 100000),
(12, 'Custom Merchant', 75000);

-- --------------------------------------------------------

--
-- Table structure for table `order_list`
--

CREATE TABLE `order_list` (
  `id` int(11) NOT NULL,
  `name` varchar(256) NOT NULL,
  `quantity` int(11) NOT NULL,
  `price` int(11) NOT NULL
) ENGINE=InnoDB DEFAULT CHARSET=utf8mb4 COLLATE=utf8mb4_general_ci;

--
-- Dumping data for table `order_list`
--

INSERT INTO `order_list` (`id`, `name`, `quantity`, `price`) VALUES
(218, 'Notes', 2, 25000),
(219, 'Drinkware', 2, 720000),
(220, 'Umbrella', 3, 120000),
(223, 'Notes', 3, 60000),
(243, 'Custom Watch', 3, 900000),
(245, 'Custom Tote Bag', 2, 30000);

-- --------------------------------------------------------

--
-- Table structure for table `user`
--

CREATE TABLE `user` (
  `id` int(11) NOT NULL,
  `name` varchar(128) NOT NULL,
  `email` varchar(256) NOT NULL,
  `image` varchar(256) NOT NULL,
  `password` varchar(128) NOT NULL,
  `role_id` int(11) NOT NULL,
  `is_active` int(11) NOT NULL,
  `date_created` varchar(128) NOT NULL
) ENGINE=InnoDB DEFAULT CHARSET=utf8mb4 COLLATE=utf8mb4_general_ci;

--
-- Dumping data for table `user`
--

INSERT INTO `user` (`id`, `name`, `email`, `image`, `password`, `role_id`, `is_active`, `date_created`) VALUES
(6, 'Ken', 'kenjago@gmail.com', 'FB_IMG_15660004224213341.jpg', '$2y$10$9cuDgF.PF4.HkpqFgiI6vu01Rv2dBrOme21DbqxUqs36s26/mNEqW', 2, 1, '1675825428'),
(7, 'Fikri Oka', 'okafadilah14@gmail.com', 'fbc5c62d5c1142691af725a127a59316.png', '$2y$10$XhjzlHMFFRXkBzeZrpoMpOP72B89gPf8nEh9YzbsWSNAF9BV0cJUy', 1, 1, '1675828632');

-- --------------------------------------------------------

--
-- Table structure for table `user_access_menu`
--

CREATE TABLE `user_access_menu` (
  `id` int(11) NOT NULL,
  `role_id` int(11) NOT NULL,
  `menu_id` int(11) NOT NULL
) ENGINE=InnoDB DEFAULT CHARSET=utf8mb4 COLLATE=utf8mb4_general_ci;

--
-- Dumping data for table `user_access_menu`
--

INSERT INTO `user_access_menu` (`id`, `role_id`, `menu_id`) VALUES
(1, 1, 1),
(2, 1, 2),
(3, 2, 2),
(4, 1, 3),
(6, 1, 4),
(7, 2, 4);

-- --------------------------------------------------------

--
-- Table structure for table `user_menu`
--

CREATE TABLE `user_menu` (
  `id` int(11) NOT NULL,
  `menu` varchar(128) NOT NULL
) ENGINE=InnoDB DEFAULT CHARSET=utf8mb4 COLLATE=utf8mb4_general_ci;

--
-- Dumping data for table `user_menu`
--

INSERT INTO `user_menu` (`id`, `menu`) VALUES
(1, 'Admin'),
(2, 'User'),
(3, 'Menu'),
(4, 'Shop');

-- --------------------------------------------------------

--
-- Table structure for table `user_role`
--

CREATE TABLE `user_role` (
  `id` int(11) NOT NULL,
  `role` varchar(128) NOT NULL
) ENGINE=InnoDB DEFAULT CHARSET=utf8mb4 COLLATE=utf8mb4_general_ci;

--
-- Dumping data for table `user_role`
--

INSERT INTO `user_role` (`id`, `role`) VALUES
(1, 'Admin'),
(2, 'Member');

-- --------------------------------------------------------

--
-- Table structure for table `user_sub_menu`
--

CREATE TABLE `user_sub_menu` (
  `id` int(11) NOT NULL,
  `menu_id` int(11) NOT NULL,
  `title` varchar(128) NOT NULL,
  `url` varchar(256) NOT NULL,
  `icon` varchar(128) NOT NULL,
  `is_active` int(1) NOT NULL
) ENGINE=InnoDB DEFAULT CHARSET=utf8mb4 COLLATE=utf8mb4_general_ci;

--
-- Dumping data for table `user_sub_menu`
--

INSERT INTO `user_sub_menu` (`id`, `menu_id`, `title`, `url`, `icon`, `is_active`) VALUES
(1, 1, 'Dashboard', 'admin', 'fas fa-fw fa-tachometer-alt', 1),
(2, 2, 'My Profile', 'user', 'fas fa-fw fa-user', 1),
(3, 2, 'Edit Profile', 'user/edit', 'fas fa-fw fa-user-edit', 1),
(4, 3, 'Menu Management', 'menu', 'fas fa-fw fa-folder', 1),
(5, 3, 'Submenu Management', 'menu/submenu', 'fas fa-fw fa-folder-open', 1),
(8, 1, 'Role', 'admin/role', 'fas fa-fw fa-user-tie', 1),
(10, 1, 'Item', 'admin/item', 'fas fa-fw fa-archive', 1),
(11, 4, 'Product', 'shop', 'fas fa-fw fa-tag', 1),
(12, 4, 'Cart', 'shop/cart', 'fas fa-fw fa-shopping-basket', 1),
(14, 1, 'Order List', 'shop/order', 'fas fa-fw fa-shopping-cart', 1);

--
-- Indexes for dumped tables
--

--
-- Indexes for table `item`
--
ALTER TABLE `item`
  ADD PRIMARY KEY (`id`);

--
-- Indexes for table `order_list`
--
ALTER TABLE `order_list`
  ADD PRIMARY KEY (`id`);

--
-- Indexes for table `user`
--
ALTER TABLE `user`
  ADD PRIMARY KEY (`id`),
  ADD UNIQUE KEY `email` (`email`);

--
-- Indexes for table `user_access_menu`
--
ALTER TABLE `user_access_menu`
  ADD PRIMARY KEY (`id`);

--
-- Indexes for table `user_menu`
--
ALTER TABLE `user_menu`
  ADD PRIMARY KEY (`id`);

--
-- Indexes for table `user_role`
--
ALTER TABLE `user_role`
  ADD PRIMARY KEY (`id`);

--
-- Indexes for table `user_sub_menu`
--
ALTER TABLE `user_sub_menu`
  ADD PRIMARY KEY (`id`);

--
-- AUTO_INCREMENT for dumped tables
--

--
-- AUTO_INCREMENT for table `item`
--
ALTER TABLE `item`
  MODIFY `id` int(11) NOT NULL AUTO_INCREMENT, AUTO_INCREMENT=14;

--
-- AUTO_INCREMENT for table `order_list`
--
ALTER TABLE `order_list`
  MODIFY `id` int(11) NOT NULL AUTO_INCREMENT, AUTO_INCREMENT=246;

--
-- AUTO_INCREMENT for table `user`
--
ALTER TABLE `user`
  MODIFY `id` int(11) NOT NULL AUTO_INCREMENT, AUTO_INCREMENT=8;

--
-- AUTO_INCREMENT for table `user_access_menu`
--
ALTER TABLE `user_access_menu`
  MODIFY `id` int(11) NOT NULL AUTO_INCREMENT, AUTO_INCREMENT=8;

--
-- AUTO_INCREMENT for table `user_menu`
--
ALTER TABLE `user_menu`
  MODIFY `id` int(11) NOT NULL AUTO_INCREMENT, AUTO_INCREMENT=7;

--
-- AUTO_INCREMENT for table `user_role`
--
ALTER TABLE `user_role`
  MODIFY `id` int(11) NOT NULL AUTO_INCREMENT, AUTO_INCREMENT=3;

--
-- AUTO_INCREMENT for table `user_sub_menu`
--
ALTER TABLE `user_sub_menu`
  MODIFY `id` int(11) NOT NULL AUTO_INCREMENT, AUTO_INCREMENT=15;
COMMIT;

/*!40101 SET CHARACTER_SET_CLIENT=@OLD_CHARACTER_SET_CLIENT */;
/*!40101 SET CHARACTER_SET_RESULTS=@OLD_CHARACTER_SET_RESULTS */;
/*!40101 SET COLLATION_CONNECTION=@OLD_COLLATION_CONNECTION */;
